fips,county,state,lat,lon,soil_om,primary_crop
19153,Polk,Iowa,41.68,-93.57,3.8,Corn
19169,Story,Iowa,42.03,-93.46,4.1,Corn
19047,Crawford,Iowa,42.03,-95.38,3.5,Corn
19193,Woodbury,Iowa,42.38,-96.05,3.2,Soybeans
19099,Jasper,Iowa,41.68,-93.05,3.9,Corn
19113,Linn,Iowa,42.07,-91.59,3.7,Soybeans
19013,Black Hawk,Iowa,42.47,-92.3,4.0,Corn
17019,Champaign,Illinois,40.14,-88.19,4.4,Corn
17113,McLean,Illinois,40.49,-88.84,4.5,Corn
17041,Douglas,Illinois,39.77,-88.22,4.2,Soybeans
17039,DeWitt,Illinois,40.17,-88.9,4.3,Corn
17115,Macon,Illinois,39.86,-88.96,4.0,Soybeans
17083,Jersey,Illinois,39.09,-90.35,3.4,Corn
17167,Sangamon,Illinois,39.76,-89.65,3.8,Corn
31001,Adams,Nebraska,40.52,-98.5,3.1,Corn
31079,Hall,Nebraska,40.92,-98.51,3.0,Corn
31099,Kearney,Nebraska,40.51,-99.02,2.9,Soybeans
31185,York,Nebraska,40.87,-97.59,3.3,Corn
31023,Butler,Nebraska,41.22,-97.13,3.2,Corn
31053,Dodge,Nebraska,41.59,-96.65,3.4,Corn
27013,Blue Earth,Minnesota,44.03,-94.06,4.2,Corn
27103,Nicollet,Minnesota,44.34,-94.25,4.0,Soybeans
27127,Redwood,Minnesota,44.4,-95.27,3.8,Corn
27119,Polk MN,Minnesota,47.77,-96.53,4.3,Wheat
27027,Clay,Minnesota,46.9,-96.49,4.1,Wheat
20055,Finney,Kansas,38.04,-100.74,2.2,Wheat
20057,Ford,Kansas,37.69,-99.88,2.4,Wheat
20177,Shawnee,Kansas,39.04,-95.76,3.1,Wheat
20151,Pratt,Kansas,37.65,-98.74,2.5,Wheat
20155,Reno,Kansas,38.07,-98.08,2.6,Wheat
20173,Sedgwick,Kansas,37.68,-97.46,2.8,Wheat
18011,Boone,Indiana,40.05,-86.47,3.6,Corn
18063,Hendricks,Indiana,39.77,-86.51,3.5,Corn
18157,Tippecanoe,Indiana,40.4,-86.89,3.8,Corn
18023,Clinton,Indiana,40.29,-86.53,3.9,Soybeans
