district_id,district,state,zone,lat,lon,soil_soc,soil_type,primary_crop,season
PB_LUD,Ludhiana,Punjab,Trans-Gangetic Plains,30.9,75.85,0.85,Alluvial Loam,Wheat,Rabi
PB_SAN,Sangrur,Punjab,Trans-Gangetic Plains,30.24,75.84,0.82,Alluvial Clay Loam,Rice (Paddy),Kharif
PB_PAT,Patiala,Punjab,Trans-Gangetic Plains,30.33,76.38,0.8,Alluvial Loam,Wheat,Rabi
PB_BAT,Bathinda,Punjab,Trans-Gangetic Plains,30.21,74.94,0.7,Sandy Loam,Cotton,Kharif
HR_KAR,Karnal,Haryana,Trans-Gangetic Plains,29.68,76.99,0.88,Alluvial Loam,Rice (Paddy),Kharif
HR_KUR,Kurukshetra,Haryana,Trans-Gangetic Plains,29.96,76.87,0.84,Alluvial Loam,Wheat,Rabi
HR_SIR,Sirsa,Haryana,Trans-Gangetic Plains,29.53,75.02,0.65,Arid Sandy Loam,Mustard,Rabi
UP_MEE,Meerut,Uttar Pradesh,Upper Gangetic Plains,28.98,77.7,0.78,Alluvial Deep Loam,Wheat,Rabi
UP_ALI,Aligarh,Uttar Pradesh,Upper Gangetic Plains,27.89,78.08,0.72,Sandy Clay Loam,Mustard,Rabi
UP_VAR,Varanasi,Uttar Pradesh,Middle Gangetic Plains,25.31,82.97,0.75,Older Alluvial (Bangar),Rice (Paddy),Kharif
UP_BAR,Bareilly,Uttar Pradesh,Upper Gangetic Plains,28.36,79.43,0.76,Tarai Silt Loam,Wheat,Rabi
UP_GOR,Gorakhpur,Uttar Pradesh,Middle Gangetic Plains,26.76,83.37,0.79,Alluvial Clay Loam,Rice (Paddy),Kharif
MP_IND,Indore,Madhya Pradesh,Central Plateau,22.71,75.85,0.68,Medium Black (Vertisol),Soybean,Kharif
MP_UJJ,Ujjain,Madhya Pradesh,Central Plateau,23.17,75.78,0.7,Deep Black Soil,Soybean,Kharif
MP_HOS,Narmadapuram,Madhya Pradesh,Central Plateau,22.75,77.72,0.82,Deep Clay Alluvial,Wheat,Rabi
MP_SEH,Sehore,Madhya Pradesh,Central Plateau,23.2,77.08,0.69,Medium Black Soil,Soybean,Kharif
MH_NAS,Nashik,Maharashtra,Western Plateau,19.99,73.78,0.65,Black Basaltic Soil,Maize,Kharif
MH_AUR,Chhatrapati Sambhajinagar,Maharashtra,Western Plateau,19.87,75.34,0.58,Medium Black Soil,Cotton,Kharif
MH_NAG,Nagpur,Maharashtra,Eastern Plateau,21.14,79.08,0.66,Deep Black Soil,Cotton,Kharif
MH_KOL,Kolhapur,Maharashtra,Western Ghats & Coastal,16.7,74.24,0.85,Lateritic & Red Loam,Rice (Paddy),Kharif
GJ_RAJ,Rajkot,Gujarat,Gujarat Plains & Hills,22.3,70.8,0.52,Medium Black & Sandy,Cotton,Kharif
WB_BUR,Purba Bardhaman,West Bengal,Lower Gangetic Plains,23.23,87.86,0.95,Fertile Delta Alluvium,Rice (Paddy),Kharif
WB_HOO,Hooghly,West Bengal,Lower Gangetic Plains,22.9,88.39,0.92,Gangetic Alluvium,Rice (Paddy),Kharif
TS_WAR,Warangal,Telangana,Southern Plateau,17.96,79.59,0.58,Red Sandy Loam (Chalka),Cotton,Kharif
AP_GUN,Guntur,Andhra Pradesh,East Coast Plains,16.3,80.43,0.74,Krishna Delta Alluvial,Rice (Paddy),Kharif
KA_BEL,Belagavi,Karnataka,Southern Plateau,15.84,74.49,0.72,Mixed Red & Black,Maize,Kharif
KA_MAN,Mandya,Karnataka,Southern Plateau,12.52,76.89,0.7,Red Sandy Loam,Rice (Paddy),Kharif
RJ_GAN,Sri Ganganagar,Rajasthan,Western Dry Region,29.9,73.87,0.45,Canal Irrigated Sandy Loam,Wheat,Rabi
RJ_KOT,Kota,Rajasthan,Central Plateau,25.18,75.83,0.64,Black Vertisol,Mustard,Rabi
RJ_BHA,Bharatpur,Rajasthan,Eastern Plains,27.21,77.48,0.6,Alluvial Sandy Loam,Mustard,Rabi
